{
    "loss": 0.6725910902023315,
    "accuracy": 0.8307692408561707
}